"subject","bade_condition","scenario_trial","diff","D","N","P","stai_score","MSS","freq"
"02q6yqh","negative",1,1.70833333333333,0,10,0,61,10,12
"02q6yqh","negative",2,2.07142857142857,0,10,0,61,10,7
"02q6yqh","negative",3,4,0,10,0,61,10,1
"02q6yqh","positive",1,2.125,0,10,0,61,10,12
"02q6yqh","positive",2,6,0,10,0,61,10,2
"060hrcc","negative",1,0.375,6,8,4,50,18,12
"060hrcc","negative",2,-0.75,6,8,4,50,18,12
"060hrcc","negative",3,-0.291666666666667,6,8,4,50,18,12
"060hrcc","positive",1,0.125,6,8,4,50,18,12
"060hrcc","positive",2,0.0416666666666667,6,8,4,50,18,12
"060hrcc","positive",3,0.958333333333333,6,8,4,50,18,12
"09erodt","negative",1,0,12,9,13,50,34,12
"09erodt","negative",2,0.125,12,9,13,50,34,12
"09erodt","negative",3,-0.041666666666667,12,9,13,50,34,12
"09erodt","positive",1,0.125,12,9,13,50,34,12
"09erodt","positive",2,0,12,9,13,50,34,12
"09erodt","positive",3,0,12,9,13,50,34,12
"0aozzl5","negative",1,-0.0416666666666665,10,4,7,51,21,12
"0aozzl5","negative",2,0.5,10,4,7,51,21,2
"0aozzl5","positive",1,0.666666666666667,10,4,7,51,21,12
"0aozzl5","positive",2,3.25,10,4,7,51,21,2
"0l3m6la","negative",1,0.166666666666666,7,7,8,53,22,12
"0l3m6la","negative",2,0.0625,7,7,8,53,22,8
"0l3m6la","negative",3,-0.214285714285714,7,7,8,53,22,7
"0l3m6la","positive",1,-0.166666666666667,7,7,8,53,22,12
"0l3m6la","positive",2,0.0714285714285712,7,7,8,53,22,7
"0l3m6la","positive",3,-0.2,7,7,8,53,22,5
"0px6ym9","negative",1,0.916666666666667,3,6,2,62,11,12
"0px6ym9","negative",2,4.5,3,6,2,62,11,1
"0px6ym9","positive",1,-0.666666666666667,3,6,2,62,11,12
"13efbdd","negative",1,0,1,3,6,48,10,12
"13efbdd","positive",1,0.583333333333333,1,3,6,48,10,12
"14ord2r","negative",1,-0.666666666666667,4,7,11,52.2222222222222,22,12
"14ord2r","negative",2,-0.227272727272727,4,7,11,52.2222222222222,22,11
"14ord2r","negative",3,-0.35,4,7,11,52.2222222222222,22,10
"14ord2r","positive",1,-0.166666666666667,4,7,11,52.2222222222222,22,12
"14ord2r","positive",2,-0.208333333333333,4,7,11,52.2222222222222,22,12
"14ord2r","positive",3,0.0833333333333335,4,7,11,52.2222222222222,22,12
"1fhyyn6","negative",1,-2.08333333333333,4,4,7,39,15,12
"1fhyyn6","positive",1,0.666666666666667,4,4,7,39,15,12
"1fhyyn6","positive",2,0.75,4,4,7,39,15,2
"1tdzkpu","negative",1,0.208333333333333,8,9,12,54,29,12
"1tdzkpu","negative",2,-0.666666666666667,8,9,12,54,29,3
"1tdzkpu","negative",3,1,8,9,12,54,29,3
"1tdzkpu","positive",1,0,8,9,12,54,29,12
"1tdzkpu","positive",2,1,8,9,12,54,29,1
"24em284","negative",1,-0.25,10,9,11,52,30,12
"24em284","negative",2,-3.5,10,9,11,52,30,1
"24em284","negative",3,0,10,9,11,52,30,1
"24em284","positive",1,0.208333333333333,10,9,11,52,30,12
"2b10953","negative",1,-1.20833333333333,0,1,0,24,1,12
"2b10953","positive",1,-0.958333333333333,0,1,0,24,1,12
"2b10953","positive",2,-0.5,0,1,0,24,1,1
"2c2nd1m","negative",1,-1,1,6,7,29,14,12
"2c2nd1m","negative",2,-1.0625,1,6,7,29,14,8
"2c2nd1m","negative",3,1.33333333333333,1,6,7,29,14,6
"2c2nd1m","positive",1,-0.0833333333333335,1,6,7,29,14,12
"2c2nd1m","positive",2,-0.375,1,6,7,29,14,8
"2c2nd1m","positive",3,1.625,1,6,7,29,14,8
"2fgbpk7","negative",1,-0.833333333333333,0,0,1,37,1,12
"2fgbpk7","negative",2,0.5625,0,0,1,37,1,8
"2fgbpk7","positive",1,0.958333333333333,0,0,1,37,1,12
"2fgbpk7","positive",2,1.85714285714286,0,0,1,37,1,7
"2qsxhpa","negative",1,-0.75,5,4,6,54,15,12
"2qsxhpa","negative",2,-0.291666666666667,5,4,6,54,15,12
"2qsxhpa","negative",3,0.590909090909091,5,4,6,54,15,11
"2qsxhpa","positive",1,0,5,4,6,54,15,12
"2qsxhpa","positive",2,0.5,5,4,6,54,15,11
"2qsxhpa","positive",3,0.0909090909090908,5,4,6,54,15,11
"2t9nzj9","negative",1,-0.833333333333333,0,0,1,21,1,12
"2t9nzj9","negative",2,1.6,0,0,1,21,1,5
"2t9nzj9","negative",3,1.375,0,0,1,21,1,4
"2t9nzj9","positive",1,2.04166666666667,0,0,1,21,1,12
"2t9nzj9","positive",2,0.5,0,0,1,21,1,2
"2t9nzj9","positive",3,-5,0,0,1,21,1,1
"30cmbu0","negative",1,-0.166666666666667,3,1,0,54,4,12
"30cmbu0","negative",2,0.541666666666667,3,1,0,54,4,12
"30cmbu0","negative",3,2.22727272727273,3,1,0,54,4,11
"30cmbu0","positive",1,0.333333333333333,3,1,0,54,4,12
"30cmbu0","positive",2,1.16666666666667,3,1,0,54,4,12
"30cmbu0","positive",3,3.14285714285714,3,1,0,54,4,7
"31h36wp","negative",1,-0.458333333333333,1,0,2,59,3,12
"31h36wp","positive",1,0.166666666666667,1,0,2,59,3,12
"31h36wp","positive",2,0,1,0,2,59,3,1
"334tmw1","negative",1,0,8,8,8,49,24,12
"334tmw1","positive",1,0.416666666666667,8,8,8,49,24,12
"36b6t03","negative",1,-0.875,11,7,12,51,30,12
"36b6t03","negative",2,0.333333333333333,11,7,12,51,30,6
"36b6t03","negative",3,0.833333333333333,11,7,12,51,30,3
"36b6t03","positive",1,0,11,7,12,51,30,12
"36b6t03","positive",2,0.6,11,7,12,51,30,5
"36b6t03","positive",3,0,11,7,12,51,30,1
"39gj663","negative",1,-0.375,2,5,1,60,8,12
"39gj663","positive",1,-0.166666666666667,2,5,1,60,8,12
"39h57wn","negative",1,0.5,0,0,2,38,2,12
"39h57wn","negative",2,2.79166666666667,0,0,2,38,2,12
"39h57wn","negative",3,4.91666666666667,0,0,2,38,2,12
"39h57wn","positive",1,0.708333333333333,0,0,2,38,2,12
"39h57wn","positive",2,1.25,0,0,2,38,2,12
"39h57wn","positive",3,4.16666666666667,0,0,2,38,2,12
"39xmjcd","negative",1,-0.458333333333333,2,0,1,55,3,12
"39xmjcd","negative",2,0.625,2,0,1,55,3,12
"39xmjcd","negative",3,3.86363636363636,2,0,1,55,3,11
"39xmjcd","positive",1,-0.0833333333333335,2,0,1,55,3,12
"39xmjcd","positive",2,2.16666666666667,2,0,1,55,3,12
"39xmjcd","positive",3,2.55,2,0,1,55,3,10
"3fts190","negative",1,0.333333333333333,1,0,1,45,2,12
"3fts190","negative",2,3.5,1,0,1,45,2,12
"3fts190","negative",3,4.44444444444444,1,0,1,45,2,9
"3fts190","positive",1,0.5,1,0,1,45,2,12
"3fts190","positive",2,2.08333333333333,1,0,1,45,2,12
"3fts190","positive",3,3.05,1,0,1,45,2,10
"3t3eqhh","negative",1,-0.916666666666667,8,8,11,41,27,12
"3t3eqhh","negative",2,-1.66666666666667,8,8,11,41,27,12
"3t3eqhh","negative",3,-0.541666666666667,8,8,11,41,27,12
"3t3eqhh","positive",1,0.5,8,8,11,41,27,12
"3t3eqhh","positive",2,0.875,8,8,11,41,27,12
"3t3eqhh","positive",3,0.541666666666667,8,8,11,41,27,12
"3uje6jg","negative",1,-0.416666666666667,6,8,5,43,19,12
"3uje6jg","positive",1,-0.166666666666667,6,8,5,43,19,12
"4dtj1vh","negative",1,-2.79166666666667,1,5,7,33,13,12
"4dtj1vh","positive",1,2.41666666666667,1,5,7,33,13,12
"4dtj1vh","positive",2,1.25,1,5,7,33,13,2
"4e7mcvn","negative",1,-0.875,9,7,4,48,20,12
"4e7mcvn","positive",1,-0.541666666666667,9,7,4,48,20,12
"4e7mcvn","positive",2,0,9,7,4,48,20,1
"4fps5v4","negative",1,-0.75,0,2,0,34,2,12
"4fps5v4","positive",1,0.416666666666667,0,2,0,34,2,12
"4fps5v4","positive",2,6,0,2,0,34,2,1
"4ru4c2p","negative",1,-0.25,1,2,1,36,4,12
"4ru4c2p","negative",2,0.583333333333333,1,2,1,36,4,12
"4ru4c2p","negative",3,2.83333333333333,1,2,1,36,4,12
"4ru4c2p","positive",1,-1.25,1,2,1,36,4,12
"4ru4c2p","positive",2,0.272727272727273,1,2,1,36,4,11
"4ru4c2p","positive",3,1.54545454545455,1,2,1,36,4,11
"4ur07ha","negative",1,-0.583333333333333,8,9,3,63,20,12
"4ur07ha","negative",2,-0.222222222222222,8,9,3,63,20,9
"4ur07ha","negative",3,5.5,8,9,3,63,20,2
"4ur07ha","positive",1,0.791666666666667,8,9,3,63,20,12
"4ur07ha","positive",2,2.5,8,9,3,63,20,5
"4ur07ha","positive",3,6,8,9,3,63,20,2
"58qsvn4","negative",1,-1.16666666666667,0,0,0,38.75,0,12
"58qsvn4","negative",2,0.5,0,0,0,38.75,0,1
"58qsvn4","positive",1,-0.666666666666667,0,0,0,38.75,0,12
"59wv3ae","negative",1,-1.54166666666667,0,1,1,21,2,12
"59wv3ae","negative",2,-1.5,0,1,1,21,2,2
"59wv3ae","positive",1,2,0,1,1,21,2,12
"59x0s18","negative",1,-0.708333333333333,6,5,9,49,20,12
"59x0s18","negative",2,0.125,6,5,9,49,20,4
"59x0s18","negative",3,-0.5,6,5,9,49,20,2
"59x0s18","positive",1,-0.208333333333333,6,5,9,49,20,12
"59x0s18","positive",2,-1,6,5,9,49,20,1
"59x0s18","positive",3,-1,6,5,9,49,20,1
"5dl3p3e","negative",1,-0.166666666666667,6,7,4,37,17,12
"5dl3p3e","negative",2,0.95,6,7,4,37,17,10
"5dl3p3e","negative",3,2.8,6,7,4,37,17,5
"5dl3p3e","positive",1,-0.333333333333333,6,7,4,37,17,12
"5dl3p3e","positive",2,2.29166666666667,6,7,4,37,17,12
"5dl3p3e","positive",3,2.5,6,7,4,37,17,4
"5krbzu1","negative",1,0.0416666666666665,6,3,11,40,20,12
"5krbzu1","negative",2,1.5,6,3,11,40,20,1
"5krbzu1","positive",1,0.916666666666667,6,3,11,40,20,12
"5pjk69c","negative",1,0.75,4,3,8,35,15,12
"5pjk69c","negative",2,-0.666666666666667,4,3,8,35,15,12
"5pjk69c","negative",3,1,4,3,8,35,15,12
"5pjk69c","positive",1,-0.0416666666666665,4,3,8,35,15,12
"5pjk69c","positive",2,0.416666666666667,4,3,8,35,15,12
"5pjk69c","positive",3,0.291666666666667,4,3,8,35,15,12
"5rzodn4","negative",1,0,11,4,13,66,28,12
"5rzodn4","negative",2,0.444444444444444,11,4,13,66,28,9
"5rzodn4","negative",3,1.66666666666667,11,4,13,66,28,3
"5rzodn4","positive",1,0.625,11,4,13,66,28,12
"5rzodn4","positive",2,2.65,11,4,13,66,28,10
"5rzodn4","positive",3,2,11,4,13,66,28,1
"5tyytlu","negative",1,0.333333333333333,9,3,3,77,15,12
"5tyytlu","negative",2,2.9,9,3,3,77,15,10
"5tyytlu","negative",3,5,9,3,3,77,15,1
"5tyytlu","positive",1,-0.125,9,3,3,77,15,12
"5tyytlu","positive",2,0.833333333333333,9,3,3,77,15,9
"5tyytlu","positive",3,-4,9,3,3,77,15,2
"6ahlnzk","negative",1,-0.375,11,11,12,58,34,12
"6ahlnzk","negative",2,0.208333333333333,11,11,12,58,34,12
"6ahlnzk","negative",3,-0.208333333333333,11,11,12,58,34,12
"6ahlnzk","positive",1,-0.25,11,11,12,58,34,12
"6ahlnzk","positive",2,-0.333333333333333,11,11,12,58,34,12
"6ahlnzk","positive",3,0.291666666666666,11,11,12,58,34,12
"6d24nyb","negative",1,-0.541666666666667,0,0,0,33,0,12
"6d24nyb","negative",2,1,0,0,0,33,0,12
"6d24nyb","negative",3,4.04166666666667,0,0,0,33,0,12
"6d24nyb","positive",1,-0.541666666666667,0,0,0,33,0,12
"6d24nyb","positive",2,1.125,0,0,0,33,0,12
"6d24nyb","positive",3,2.91666666666667,0,0,0,33,0,12
"6h3vk18","negative",1,-0.916666666666667,0,0,0,24,0,12
"6h3vk18","negative",2,-1,0,0,0,24,0,1
"6h3vk18","positive",1,-0.0416666666666665,0,0,0,24,0,12
"6thxdb0","negative",1,-0.375,10,8,12,51,30,12
"6thxdb0","negative",2,-0.3125,10,8,12,51,30,8
"6thxdb0","negative",3,-0.833333333333333,10,8,12,51,30,6
"6thxdb0","positive",1,-0.333333333333333,10,8,12,51,30,12
"6thxdb0","positive",2,-0.0625,10,8,12,51,30,8
"6thxdb0","positive",3,0.100000000000001,10,8,12,51,30,5
"6vq9eeg","negative",1,-0.0416666666666661,8,9,11,57,28,12
"6vq9eeg","negative",2,0,8,9,11,57,28,7
"6vq9eeg","negative",3,-0.916666666666667,8,9,11,57,28,6
"6vq9eeg","positive",1,-0.25,8,9,11,57,28,12
"6vq9eeg","positive",2,0,8,9,11,57,28,3
"6vq9eeg","positive",3,-0.833333333333333,8,9,11,57,28,3
"732n1gv","negative",1,-0.0833333333333339,12,9,13,51,34,12
"732n1gv","negative",2,-0.277777777777778,12,9,13,51,34,9
"732n1gv","negative",3,-0.2,12,9,13,51,34,5
"732n1gv","positive",1,-0.166666666666666,12,9,13,51,34,12
"732n1gv","positive",2,-0.222222222222222,12,9,13,51,34,9
"732n1gv","positive",3,0.1875,12,9,13,51,34,8
"75hjro8","negative",1,-1.41666666666667,10,3,12,46,25,12
"75hjro8","negative",2,-2,10,3,12,46,25,2
"75hjro8","positive",1,0.833333333333333,10,3,12,46,25,12
"75hjro8","positive",2,1,10,3,12,46,25,1
"75hjro8","positive",3,6,10,3,12,46,25,1
"7dg78el","negative",1,0.291666666666667,3,2,0,67,5,12
"7dg78el","positive",1,-0.208333333333333,3,2,0,67,5,12
"7sneyta","negative",1,-1.58333333333333,0,3,0,40,3,12
"7sneyta","negative",2,-1.5,0,3,0,40,3,1
"7sneyta","positive",1,1,0,3,0,40,3,12
"7wc8b0x","negative",1,-0.5,4,3,1,45,8,12
"7wc8b0x","negative",2,0.875,4,3,1,45,8,8
"7wc8b0x","negative",3,2,4,3,1,45,8,2
"7wc8b0x","positive",1,0,4,3,1,45,8,12
"7wc8b0x","positive",2,1.4,4,3,1,45,8,5
"7wc8b0x","positive",3,3,4,3,1,45,8,1
"82v2yu8","negative",1,0.958333333333333,0,3,0,37,3,12
"82v2yu8","negative",2,4.5,0,3,0,37,3,6
"82v2yu8","positive",1,0,0,3,0,37,3,12
"82v2yu8","positive",2,1.75,0,3,0,37,3,4
"82v2yu8","positive",3,-1,0,3,0,37,3,1
"8a808ex","negative",1,0.375,1,7,5,51.1111111111111,13,12
"8a808ex","negative",2,0,1,7,5,51.1111111111111,13,12
"8a808ex","negative",3,0.166666666666667,1,7,5,51.1111111111111,13,12
"8a808ex","positive",1,0.125,1,7,5,51.1111111111111,13,12
"8a808ex","positive",2,0.181818181818182,1,7,5,51.1111111111111,13,11
"8a808ex","positive",3,-0.227272727272728,1,7,5,51.1111111111111,13,11
"8dnpxq2","negative",1,-1.54166666666667,11,7,12,46,30,12
"8dnpxq2","positive",1,1,11,7,12,46,30,12
"8dnpxq2","positive",2,3,11,7,12,46,30,1
"920vxbr","negative",1,0.0416666666666665,7,4,4,44,15,12
"920vxbr","negative",2,-0.0416666666666665,7,4,4,44,15,12
"920vxbr","negative",3,-0.125,7,4,4,44,15,12
"920vxbr","positive",1,-0.208333333333333,7,4,4,44,15,12
"920vxbr","positive",2,0.333333333333333,7,4,4,44,15,12
"920vxbr","positive",3,-0.375,7,4,4,44,15,12
"966ltjj","negative",1,1.125,0,6,1,53.75,7,12
"966ltjj","negative",2,2.875,0,6,1,53.75,7,12
"966ltjj","negative",3,4.66666666666667,0,6,1,53.75,7,6
"966ltjj","positive",1,0.833333333333333,0,6,1,53.75,7,12
"966ltjj","positive",2,1.35,0,6,1,53.75,7,10
"966ltjj","positive",3,2.9,0,6,1,53.75,7,5
"9hf1w8k","negative",1,-2.66666666666667,1,7,0,55.5555555555556,8,12
"9hf1w8k","negative",2,2,1,7,0,55.5555555555556,8,1
"9hf1w8k","positive",1,2.45833333333333,1,7,0,55.5555555555556,8,12
"9j2u5z9","negative",1,-0.041666666666667,0,4,2,55.5555555555556,6,12
"9j2u5z9","negative",2,0,0,4,2,55.5555555555556,6,11
"9j2u5z9","negative",3,-0.0555555555555554,0,4,2,55.5555555555556,6,9
"9j2u5z9","positive",1,0.083333333333333,0,4,2,55.5555555555556,6,12
"9j2u5z9","positive",2,0.100000000000001,0,4,2,55.5555555555556,6,10
"9j2u5z9","positive",3,0.0555555555555554,0,4,2,55.5555555555556,6,9
"9m7e754","negative",1,0.5,0,2,1,37,3,12
"9m7e754","positive",1,0.958333333333333,0,2,1,37,3,12
"9msn7ff","negative",1,0.166666666666667,0,0,0,43.3333333333333,0,12
"9msn7ff","negative",2,1.66666666666667,0,0,0,43.3333333333333,0,12
"9msn7ff","negative",3,2.5,0,0,0,43.3333333333333,0,4
"9msn7ff","positive",1,-0.5,0,0,0,43.3333333333333,0,12
"9msn7ff","positive",2,0.75,0,0,0,43.3333333333333,0,12
"9msn7ff","positive",3,3,0,0,0,43.3333333333333,0,3
"9yj73yx","negative",1,1.54166666666667,0,0,0,23,0,12
"9yj73yx","negative",2,3.125,0,0,0,23,0,4
"9yj73yx","positive",1,0.583333333333333,0,0,0,23,0,12
"9yj73yx","positive",2,5.83333333333333,0,0,0,23,0,3
"a5q0xx3","negative",1,0,0,5,1,61,6,12
"a5q0xx3","negative",2,0.458333333333333,0,5,1,61,6,12
"a5q0xx3","negative",3,2.16666666666667,0,5,1,61,6,12
"a5q0xx3","positive",1,0.0416666666666665,0,5,1,61,6,12
"a5q0xx3","positive",2,1.20833333333333,0,5,1,61,6,12
"a5q0xx3","positive",3,3.1,0,5,1,61,6,10
"am060hf","negative",1,-0.916666666666667,4,2,4,51,10,12
"am060hf","positive",1,0.458333333333333,4,2,4,51,10,12
"b2c1w1f","negative",1,0.708333333333333,0,0,0,46,0,12
"b2c1w1f","negative",2,3.1,0,0,0,46,0,10
"b2c1w1f","negative",3,4.5,0,0,0,46,0,4
"b2c1w1f","positive",1,0.708333333333333,0,0,0,46,0,12
"b2c1w1f","positive",2,3.83333333333333,0,0,0,46,0,12
"b2c1w1f","positive",3,3.7,0,0,0,46,0,5
"b9uedz9","negative",1,-0.166666666666667,0,1,0,22,1,12
"b9uedz9","negative",2,1.66666666666667,0,1,0,22,1,12
"b9uedz9","negative",3,4.83333333333333,0,1,0,22,1,12
"b9uedz9","positive",1,-0.916666666666667,0,1,0,22,1,12
"b9uedz9","positive",2,1,0,1,0,22,1,12
"b9uedz9","positive",3,2.81818181818182,0,1,0,22,1,11
"bnl4t6a","negative",1,-0.666666666666667,10,8,13,51,31,12
"bnl4t6a","negative",2,1.5,10,8,13,51,31,1
"bnl4t6a","positive",1,-0.166666666666667,10,8,13,51,31,12
"cggq7ne","negative",1,-1.25,0,2,5,24,7,12
"cggq7ne","negative",2,2.5,0,2,5,24,7,1
"cggq7ne","positive",1,0.958333333333333,0,2,5,24,7,12
"cggq7ne","positive",2,3,0,2,5,24,7,2
"cggq7ne","positive",3,-1,0,2,5,24,7,1
"cv34dno","negative",1,0.708333333333333,0,0,0,38,0,12
"cv34dno","negative",2,0.5625,0,0,0,38,0,8
"cv34dno","negative",3,2.25,0,0,0,38,0,4
"cv34dno","positive",1,1.08333333333333,0,0,0,38,0,12
"cv34dno","positive",2,2,0,0,0,38,0,8
"cv34dno","positive",3,3.33333333333333,0,0,0,38,0,3
"cvb2zsb","negative",1,-0.0833333333333335,5,5,8,44,18,12
"cvb2zsb","positive",1,-0.541666666666667,5,5,8,44,18,12
"cyck3yc","negative",1,-0.875,0,0,0,43.3333333333333,0,12
"cyck3yc","negative",2,0.458333333333333,0,0,0,43.3333333333333,0,12
"cyck3yc","negative",3,3.16666666666667,0,0,0,43.3333333333333,0,12
"cyck3yc","positive",1,0.166666666666667,0,0,0,43.3333333333333,0,12
"cyck3yc","positive",2,0.875,0,0,0,43.3333333333333,0,12
"cyck3yc","positive",3,2.54545454545455,0,0,0,43.3333333333333,0,11
"d1eh8o0","negative",1,-0.0833333333333335,0,5,0,56,5,12
"d1eh8o0","negative",2,0.25,0,5,0,56,5,12
"d1eh8o0","negative",3,3.8,0,5,0,56,5,10
"d1eh8o0","positive",1,0.125,0,5,0,56,5,12
"d1eh8o0","positive",2,1.58333333333333,0,5,0,56,5,12
"d1eh8o0","positive",3,1.7,0,5,0,56,5,10
"d45tj2v","negative",1,-0.333333333333333,0,2,0,27,2,12
"d45tj2v","negative",2,1.33333333333333,0,2,0,27,2,12
"d45tj2v","negative",3,3.72727272727273,0,2,0,27,2,11
"d45tj2v","positive",1,0.5,0,2,0,27,2,12
"d45tj2v","positive",2,1.33333333333333,0,2,0,27,2,12
"d45tj2v","positive",3,3.2,0,2,0,27,2,10
"d5pfwra","negative",1,-1,0,3,1,54.4444444444444,4,12
"d5pfwra","negative",2,1.95833333333333,0,3,1,54.4444444444444,4,12
"d5pfwra","negative",3,-1.35714285714286,0,3,1,54.4444444444444,4,7
"d5pfwra","positive",1,-0.25,0,3,1,54.4444444444444,4,12
"d5pfwra","positive",2,1.5,0,3,1,54.4444444444444,4,12
"d5pfwra","positive",3,0.714285714285714,0,3,1,54.4444444444444,4,7
"d8kwb3h","negative",1,-2.58333333333333,0,4,0,20,4,12
"d8kwb3h","negative",2,-3,0,4,0,20,4,1
"d8kwb3h","positive",1,2.08333333333333,0,4,0,20,4,12
"dc6hq9b","negative",1,-0.166666666666667,0,0,0,32,0,12
"dc6hq9b","negative",2,1.625,0,0,0,32,0,8
"dc6hq9b","negative",3,3,0,0,0,32,0,4
"dc6hq9b","positive",1,-0.833333333333333,0,0,0,32,0,12
"dc6hq9b","positive",2,0.666666666666667,0,0,0,32,0,3
"dc6hq9b","positive",3,4.66666666666667,0,0,0,32,0,3
"dczb8e2","negative",1,-0.291666666666667,7,10,6,53,23,12
"dczb8e2","positive",1,0.291666666666666,7,10,6,53,23,12
"dczb8e2","positive",2,2,7,10,6,53,23,1
"dl42uvl","negative",1,0.125,4,4,9,42,17,12
"dl42uvl","negative",2,-1.125,4,4,9,42,17,4
"dl42uvl","negative",3,-1,4,4,9,42,17,2
"dl42uvl","positive",1,1.04166666666667,4,4,9,42,17,12
"dl42uvl","positive",2,1.08333333333333,4,4,9,42,17,6
"dl42uvl","positive",3,0.0999999999999996,4,4,9,42,17,5
"dl7g11z","negative",1,-0.208333333333333,0,3,1,41,4,12
"dl7g11z","negative",2,-3,0,3,1,41,4,1
"dl7g11z","positive",1,-0.625,0,3,1,41,4,12
"dl7g11z","positive",2,-1,0,3,1,41,4,4
"dqs34yk","negative",1,-0.458333333333333,10,0,6,44,16,12
"dqs34yk","positive",1,-0.875,10,0,6,44,16,12
"e20jlx6","negative",1,0.458333333333333,0,0,0,54,0,12
"e20jlx6","negative",2,1.27272727272727,0,0,0,54,0,11
"e20jlx6","negative",3,2.88888888888889,0,0,0,54,0,9
"e20jlx6","positive",1,0.25,0,0,0,54,0,12
"e20jlx6","positive",2,2.5,0,0,0,54,0,12
"e20jlx6","positive",3,2.6875,0,0,0,54,0,8
"e5g14ua","negative",1,0.25,0,1,0,34,1,12
"e5g14ua","negative",2,1.25,0,1,0,34,1,8
"e5g14ua","negative",3,2,0,1,0,34,1,4
"e5g14ua","positive",1,0.625,0,1,0,34,1,12
"e5g14ua","positive",2,1.16666666666667,0,1,0,34,1,9
"e5g14ua","positive",3,2.25,0,1,0,34,1,2
"e5n0l9n","negative",1,0.041666666666667,0,0,0,34,0,12
"e5n0l9n","negative",2,2.16666666666667,0,0,0,34,0,12
"e5n0l9n","negative",3,4.27272727272727,0,0,0,34,0,11
"e5n0l9n","positive",1,1.79166666666667,0,0,0,34,0,12
"e5n0l9n","positive",2,4.45833333333333,0,0,0,34,0,12
"e5n0l9n","positive",3,5,0,0,0,34,0,10
"ehmnddd","negative",1,-1.54166666666667,0,1,0,27,1,12
"ehmnddd","positive",1,0.541666666666667,0,1,0,27,1,12
"ff3mt37","negative",1,-1,1,3,2,27,6,12
"ff3mt37","positive",1,-0.583333333333333,1,3,2,27,6,12
"ffltuzp","negative",1,-0.0833333333333335,7,6,10,48,23,12
"ffltuzp","positive",1,-0.041666666666667,7,6,10,48,23,12
"flgyw00","negative",1,-0.625,4,4,0,59,8,12
"flgyw00","negative",2,0.0454545454545454,4,4,0,59,8,11
"flgyw00","positive",1,-0.5,4,4,0,59,8,12
"flgyw00","positive",2,0.363636363636363,4,4,0,59,8,11
"flgyw00","positive",3,0.666666666666667,4,4,0,59,8,3
"fnhfpqz","negative",1,0.083333333333333,0,0,0,41,0,12
"fnhfpqz","negative",2,1.58333333333333,0,0,0,41,0,12
"fnhfpqz","negative",3,2.81818181818182,0,0,0,41,0,11
"fnhfpqz","positive",1,0.25,0,0,0,41,0,12
"fnhfpqz","positive",2,1.91666666666667,0,0,0,41,0,12
"fnhfpqz","positive",3,2.91666666666667,0,0,0,41,0,12
"fq7lb7t","negative",1,0.208333333333333,12,9,13,52,34,12
"fq7lb7t","positive",1,-0.583333333333333,12,9,13,52,34,12
"fq7lb7t","positive",2,-1,12,9,13,52,34,1
"fqnscry","negative",1,-0.5,2,7,6,39,15,12
"fqnscry","negative",2,-1,2,7,6,39,15,12
"fqnscry","negative",3,-1.16666666666667,2,7,6,39,15,12
"fqnscry","positive",1,1.25,2,7,6,39,15,12
"fqnscry","positive",2,0.833333333333333,2,7,6,39,15,12
"fqnscry","positive",3,1.54166666666667,2,7,6,39,15,12
"fqvtkmv","negative",1,0.416666666666667,0,0,0,20,0,12
"fqvtkmv","negative",2,1.28571428571429,0,0,0,20,0,7
"fqvtkmv","negative",3,6,0,0,0,20,0,4
"fqvtkmv","positive",1,-1,0,0,0,20,0,12
"fqvtkmv","positive",2,2.85714285714286,0,0,0,20,0,7
"fqvtkmv","positive",3,6,0,0,0,20,0,2
"fr0y21r","negative",1,0.333333333333333,1,3,7,41,11,12
"fr0y21r","positive",1,-0.416666666666667,1,3,7,41,11,12
"fr0y21r","positive",2,-1.5,1,3,7,41,11,1
"fx9uxnd","negative",1,-0.208333333333333,0,4,0,53,4,12
"fx9uxnd","negative",2,-0.0454545454545454,0,4,0,53,4,11
"fx9uxnd","negative",3,2,0,4,0,53,4,11
"fx9uxnd","positive",1,0.375,0,4,0,53,4,12
"fx9uxnd","positive",2,0.916666666666667,0,4,0,53,4,12
"fx9uxnd","positive",3,2.04545454545455,0,4,0,53,4,11
"g02d1db","negative",1,-0.208333333333333,0,0,0,29,0,12
"g02d1db","negative",2,-0.5,0,0,0,29,0,1
"g02d1db","positive",1,0.583333333333333,0,0,0,29,0,12
"gcvnby3","negative",1,1.16666666666667,0,0,4,25,4,12
"gcvnby3","positive",1,0.833333333333333,0,0,4,25,4,12
"gmfq6ey","negative",1,0.125,10,9,9,54,28,12
"gmfq6ey","negative",2,0.181818181818183,10,9,9,54,28,11
"gmfq6ey","negative",3,0.0454545454545459,10,9,9,54,28,11
"gmfq6ey","positive",1,-0.0416666666666661,10,9,9,54,28,12
"gmfq6ey","positive",2,0.166666666666667,10,9,9,54,28,12
"gmfq6ey","positive",3,0,10,9,9,54,28,12
"gowv1jh","negative",1,-0.791666666666667,0,1,1,50,2,12
"gowv1jh","positive",1,1.79166666666667,0,1,1,50,2,12
"gowv1jh","positive",2,1,0,1,1,50,2,1
"gwcrjp6","negative",1,-1.33333333333333,4,5,4,50,13,12
"gwcrjp6","negative",2,-1.5,4,5,4,50,13,1
"gwcrjp6","positive",1,-0.291666666666667,4,5,4,50,13,12
"h58q7r1","negative",1,-0.166666666666667,0,1,0,20,1,12
"h58q7r1","negative",2,2.83333333333333,0,1,0,20,1,12
"h58q7r1","negative",3,3.5,0,1,0,20,1,12
"h58q7r1","positive",1,0.666666666666667,0,1,0,20,1,12
"h58q7r1","positive",2,2.41666666666667,0,1,0,20,1,12
"h58q7r1","positive",3,3.83333333333333,0,1,0,20,1,12
"hjmp8v5","negative",1,-0.541666666666667,4,4,6,54,14,12
"hjmp8v5","negative",2,-0.409090909090909,4,4,6,54,14,11
"hjmp8v5","negative",3,0.166666666666667,4,4,6,54,14,9
"hjmp8v5","positive",1,0.083333333333333,4,4,6,54,14,12
"hjmp8v5","positive",2,-0.0499999999999998,4,4,6,54,14,10
"hjmp8v5","positive",3,0.166666666666667,4,4,6,54,14,9
"hz1clew","negative",1,-0.625,9,6,10,56.6666666666667,25,12
"hz1clew","negative",2,-0.75,9,6,10,56.6666666666667,25,4
"hz1clew","negative",3,-4,9,6,10,56.6666666666667,25,1
"hz1clew","positive",1,0.666666666666667,9,6,10,56.6666666666667,25,12
"hz1clew","positive",2,0,9,6,10,56.6666666666667,25,1
"j2856sx","negative",1,-0.333333333333333,0,0,0,20,0,12
"j2856sx","negative",2,1.7,0,0,0,20,0,5
"j2856sx","positive",1,-0.625,0,0,0,20,0,12
"j2856sx","positive",2,2.72222222222222,0,0,0,20,0,9
"j5cnqdq","negative",1,-1,0,0,0,33,0,12
"j5cnqdq","negative",2,0.291666666666667,0,0,0,33,0,12
"j5cnqdq","negative",3,1.75,0,0,0,33,0,12
"j5cnqdq","positive",1,-0.25,0,0,0,33,0,12
"j5cnqdq","positive",2,0.416666666666667,0,0,0,33,0,12
"j5cnqdq","positive",3,1.625,0,0,0,33,0,12
"j7p832z","negative",1,0.0416666666666665,2,0,3,35,5,12
"j7p832z","negative",2,1.20833333333333,2,0,3,35,5,12
"j7p832z","negative",3,2,2,0,3,35,5,1
"j7p832z","positive",1,-0.125,2,0,3,35,5,12
"j7p832z","positive",2,0.818181818181818,2,0,3,35,5,11
"j7p832z","positive",3,2,2,0,3,35,5,1
"j7zmjcb","negative",1,0.458333333333333,0,8,0,68,8,12
"j7zmjcb","negative",2,5,0,8,0,68,8,1
"j7zmjcb","positive",1,-0.125,0,8,0,68,8,12
"j7zmjcb","positive",2,0,0,8,0,68,8,1
"jaw9s16","negative",1,0.166666666666667,11,7,9,55,27,12
"jaw9s16","negative",2,0.0499999999999998,11,7,9,55,27,10
"jaw9s16","negative",3,0,11,7,9,55,27,7
"jaw9s16","positive",1,0.208333333333334,11,7,9,55,27,12
"jaw9s16","positive",2,-0.2,11,7,9,55,27,10
"jaw9s16","positive",3,-0.0555555555555554,11,7,9,55,27,9
"jd9psqo","negative",1,-0.416666666666667,0,0,0,26,0,12
"jd9psqo","negative",2,-0.5,0,0,0,26,0,2
"jd9psqo","negative",3,2.5,0,0,0,26,0,2
"jd9psqo","positive",1,0.25,0,0,0,26,0,12
"jd9psqo","positive",2,1.875,0,0,0,26,0,4
"jd9psqo","positive",3,3.83333333333333,0,0,0,26,0,3
"jdhuou4","negative",1,-0.083333333333333,10,9,13,50,32,12
"jdhuou4","negative",2,0,10,9,13,50,32,10
"jdhuou4","negative",3,0,10,9,13,50,32,9
"jdhuou4","positive",1,0,10,9,13,50,32,12
"jdhuou4","positive",2,0,10,9,13,50,32,10
"jdhuou4","positive",3,0,10,9,13,50,32,8
"jrekm7g","negative",1,0.0416666666666661,10,9,13,49,32,12
"jrekm7g","negative",2,0,10,9,13,49,32,1
"jrekm7g","negative",3,0,10,9,13,49,32,1
"jrekm7g","positive",1,0.083333333333333,10,9,13,49,32,12
"jvxeb3j","negative",1,-1.04166666666667,3,6,11,34,20,12
"jvxeb3j","negative",2,-0.333333333333333,3,6,11,34,20,6
"jvxeb3j","negative",3,0.5,3,6,11,34,20,4
"jvxeb3j","positive",1,0.833333333333334,3,6,11,34,20,12
"jvxeb3j","positive",2,0.4375,3,6,11,34,20,8
"jvxeb3j","positive",3,1.4375,3,6,11,34,20,8
"jw591uz","negative",1,-0.5,1,6,4,35,11,12
"jw591uz","negative",2,-1.7,1,6,4,35,11,5
"jw591uz","negative",3,-2.16666666666667,1,6,4,35,11,3
"jw591uz","positive",1,2.66666666666667,1,6,4,35,11,12
"jw591uz","positive",2,1.375,1,6,4,35,11,4
"jw591uz","positive",3,-0.333333333333333,1,6,4,35,11,3
"k43ffng","negative",1,0,12,9,13,50,34,12
"k43ffng","negative",2,0.0909090909090908,12,9,13,50,34,11
"k43ffng","negative",3,0.0909090909090917,12,9,13,50,34,11
"k43ffng","positive",1,-0.208333333333333,12,9,13,50,34,12
"k43ffng","positive",2,0.166666666666667,12,9,13,50,34,12
"k43ffng","positive",3,0.291666666666667,12,9,13,50,34,12
"k6yj8gk","negative",1,-1.91666666666667,0,0,3,20,3,12
"k6yj8gk","positive",1,1,0,0,3,20,3,12
"k6yj8gk","positive",2,2,0,0,3,20,3,1
"kqmqcy7","negative",1,-0.208333333333333,3,2,0,71.25,5,12
"kqmqcy7","negative",2,2.91666666666667,3,2,0,71.25,5,12
"kqmqcy7","negative",3,2.83333333333333,3,2,0,71.25,5,6
"kqmqcy7","positive",1,-1,3,2,0,71.25,5,12
"kqmqcy7","positive",2,2.79166666666667,3,2,0,71.25,5,12
"kqmqcy7","positive",3,3.16666666666667,3,2,0,71.25,5,3
"kzfbrgj","negative",1,-2.20833333333333,5,6,11,39,22,12
"kzfbrgj","negative",2,-0.4,5,6,11,39,22,10
"kzfbrgj","negative",3,3.9,5,6,11,39,22,5
"kzfbrgj","positive",1,2.33333333333333,5,6,11,39,22,12
"kzfbrgj","positive",2,2.58333333333333,5,6,11,39,22,12
"kzfbrgj","positive",3,3.25,5,6,11,39,22,6
"l0wch3k","negative",1,-0.125,7,7,10,50,24,12
"l0wch3k","negative",2,0.136363636363636,7,7,10,50,24,11
"l0wch3k","negative",3,0.0500000000000007,7,7,10,50,24,10
"l0wch3k","positive",1,0.041666666666667,7,7,10,50,24,12
"l0wch3k","positive",2,0.136363636363636,7,7,10,50,24,11
"l0wch3k","positive",3,-0.318181818181818,7,7,10,50,24,11
"l1nfwpr","negative",1,-0.333333333333333,11,9,11,48,31,12
"l1nfwpr","negative",2,-0.4,11,9,11,48,31,10
"l1nfwpr","negative",3,0.0625,11,9,11,48,31,8
"l1nfwpr","positive",1,0.25,11,9,11,48,31,12
"l1nfwpr","positive",2,0.45,11,9,11,48,31,10
"l1nfwpr","positive",3,-0.222222222222222,11,9,11,48,31,9
"l2bred4","negative",1,-0.125,5,4,7,46,16,12
"l2bred4","negative",2,-1,5,4,7,46,16,3
"l2bred4","negative",3,-1,5,4,7,46,16,1
"l2bred4","positive",1,0.583333333333333,5,4,7,46,16,12
"l2bred4","positive",2,1,5,4,7,46,16,1
"l3ebluj","negative",1,0.375,0,3,0,60,3,12
"l3ebluj","negative",2,1.54166666666667,0,3,0,60,3,12
"l3ebluj","negative",3,4.66666666666667,0,3,0,60,3,12
"l3ebluj","positive",1,0.958333333333333,0,3,0,60,3,12
"l3ebluj","positive",2,2.79166666666667,0,3,0,60,3,12
"l3ebluj","positive",3,5.08333333333333,0,3,0,60,3,12
"l6tpe04","negative",1,-1.54166666666667,6,6,10,51,22,12
"l6tpe04","positive",1,1,6,6,10,51,22,12
"l6tpe04","positive",2,2,6,6,10,51,22,1
"ldrj08s","negative",1,0.041666666666667,2,5,8,38,15,12
"ldrj08s","negative",2,-0.363636363636364,2,5,8,38,15,11
"ldrj08s","negative",3,-0.25,2,5,8,38,15,8
"ldrj08s","positive",1,-0.208333333333333,2,5,8,38,15,12
"ldrj08s","positive",2,0,2,5,8,38,15,10
"ldrj08s","positive",3,-0.111111111111112,2,5,8,38,15,9
"lo0zfsw","negative",1,-0.208333333333333,0,2,0,35,2,12
"lo0zfsw","negative",2,0.833333333333333,0,2,0,35,2,12
"lo0zfsw","negative",3,2.8,0,2,0,35,2,5
"lo0zfsw","positive",1,1.16666666666667,0,2,0,35,2,12
"lo0zfsw","positive",2,2.91666666666667,0,2,0,35,2,12
"lo0zfsw","positive",3,4.6875,0,2,0,35,2,8
"lpoysj1","negative",1,-0.25,0,0,0,44,0,12
"lpoysj1","negative",2,2.61111111111111,0,0,0,44,0,9
"lpoysj1","negative",3,4,0,0,0,44,0,2
"lpoysj1","positive",1,-0.333333333333333,0,0,0,44,0,12
"lpoysj1","positive",2,1.88888888888889,0,0,0,44,0,9
"lpoysj1","positive",3,1.25,0,0,0,44,0,2
"lq3jktq","negative",1,-1.16666666666667,3,5,6,48.8888888888889,14,12
"lq3jktq","negative",2,0,3,5,6,48.8888888888889,14,1
"lq3jktq","positive",1,0.166666666666667,3,5,6,48.8888888888889,14,12
"lrqmz6g","negative",1,-1,1,5,0,45,6,12
"lrqmz6g","negative",2,-1,1,5,0,45,6,1
"lrqmz6g","positive",1,-0.583333333333333,1,5,0,45,6,12
"m24mt9a","negative",1,0.125,7,9,12,50,28,12
"m24mt9a","negative",2,0.5,7,9,12,50,28,1
"m24mt9a","positive",1,0.375,7,9,12,50,28,12
"m24mt9a","positive",2,-0.25,7,9,12,50,28,2
"m5kvj5z","negative",1,-0.416666666666667,4,5,1,30,10,12
"m5kvj5z","negative",2,2,4,5,1,30,10,4
"m5kvj5z","positive",1,2.08333333333333,4,5,1,30,10,12
"m5kvj5z","positive",2,5,4,5,1,30,10,2
"m7o8ur7","negative",1,-1.66666666666667,0,9,0,22,9,12
"m7o8ur7","negative",2,1.16666666666667,0,9,0,22,9,9
"m7o8ur7","negative",3,3.4,0,9,0,22,9,5
"m7o8ur7","positive",1,1.33333333333333,0,9,0,22,9,12
"m7o8ur7","positive",2,3.86363636363636,0,9,0,22,9,11
"m7o8ur7","positive",3,3.625,0,9,0,22,9,4
"mdqpc67","negative",1,1.08333333333333,0,5,6,31,11,12
"mdqpc67","negative",2,4.09090909090909,0,5,6,31,11,11
"mdqpc67","negative",3,5.625,0,5,6,31,11,8
"mdqpc67","positive",1,1.70833333333333,0,5,6,31,11,12
"mdqpc67","positive",2,3.33333333333333,0,5,6,31,11,12
"mdqpc67","positive",3,3.14285714285714,0,5,6,31,11,7
"mf48dm5","negative",1,-1,0,0,0,27,0,12
"mf48dm5","positive",1,0.0833333333333335,0,0,0,27,0,12
"mtpf1mm","negative",1,-0.041666666666667,4,10,4,52,18,12
"mtpf1mm","positive",1,0.208333333333333,4,10,4,52,18,12
"n0sh5un","negative",1,-0.541666666666666,5,3,8,56,16,12
"n0sh5un","positive",1,-0.833333333333333,5,3,8,56,16,12
"n3950xr","negative",1,-0.75,2,5,4,41,11,12
"n3950xr","positive",1,0,2,5,4,41,11,12
"n3950xr","positive",2,1,2,5,4,41,11,1
"n5fhr1l","negative",1,0.0833333333333335,0,6,6,63,12,12
"n5fhr1l","negative",2,2.5,0,6,6,63,12,10
"n5fhr1l","negative",3,6,0,6,6,63,12,2
"n5fhr1l","positive",1,-2.125,0,6,6,63,12,12
"n5fhr1l","positive",2,1.44444444444444,0,6,6,63,12,9
"n5fhr1l","positive",3,1.66666666666667,0,6,6,63,12,3
"ne910um","negative",1,-1.04166666666667,0,0,0,46,0,12
"ne910um","negative",2,-6,0,0,0,46,0,1
"ne910um","positive",1,1.70833333333333,0,0,0,46,0,12
"o0oxzvp","negative",1,0.5,0,1,0,21,1,12
"o0oxzvp","negative",2,3.375,0,1,0,21,1,12
"o0oxzvp","negative",3,4.6,0,1,0,21,1,10
"o0oxzvp","positive",1,0.5,0,1,0,21,1,12
"o0oxzvp","positive",2,3.41666666666667,0,1,0,21,1,12
"o0oxzvp","positive",3,4.375,0,1,0,21,1,8
"o95cp6k","negative",1,-0.5,0,3,0,37,3,12
"o95cp6k","negative",2,1.29166666666667,0,3,0,37,3,12
"o95cp6k","negative",3,4.54166666666667,0,3,0,37,3,12
"o95cp6k","positive",1,-0.375,0,3,0,37,3,12
"o95cp6k","positive",2,0.125,0,3,0,37,3,12
"o95cp6k","positive",3,3.29166666666667,0,3,0,37,3,12
"obdodxw","negative",1,-0.333333333333333,9,7,11,55,27,12
"obdodxw","positive",1,-0.291666666666667,9,7,11,55,27,12
"obdodxw","positive",2,-1,9,7,11,55,27,1
"ow0dwd2","negative",1,0.208333333333333,0,4,1,32,5,12
"ow0dwd2","negative",2,3.31818181818182,0,4,1,32,5,11
"ow0dwd2","negative",3,3.5,0,4,1,32,5,5
"ow0dwd2","positive",1,-1.125,0,4,1,32,5,12
"ow0dwd2","positive",2,2.36363636363636,0,4,1,32,5,11
"ow0dwd2","positive",3,4.5,0,4,1,32,5,5
"oyxn1ev","negative",1,-1.54166666666667,0,0,0,20,0,12
"oyxn1ev","negative",2,-0.25,0,0,0,20,0,12
"oyxn1ev","negative",3,2.75,0,0,0,20,0,12
"oyxn1ev","positive",1,1.08333333333333,0,0,0,20,0,12
"oyxn1ev","positive",2,2.58333333333333,0,0,0,20,0,12
"oyxn1ev","positive",3,4.54166666666667,0,0,0,20,0,12
"p68nez7","negative",1,0.125,8,7,13,53,28,12
"p68nez7","negative",2,0.0454545454545459,8,7,13,53,28,11
"p68nez7","negative",3,0.181818181818182,8,7,13,53,28,11
"p68nez7","positive",1,0.208333333333334,8,7,13,53,28,12
"p68nez7","positive",2,-0.0833333333333339,8,7,13,53,28,12
"p68nez7","positive",3,0,8,7,13,53,28,10
"p6f09lw","negative",1,-1.58333333333333,0,2,0,37,2,12
"p6f09lw","negative",2,1.33333333333333,0,2,0,37,2,12
"p6f09lw","negative",3,5.21428571428571,0,2,0,37,2,7
"p6f09lw","positive",1,-0.041666666666667,0,2,0,37,2,12
"p6f09lw","positive",2,3.33333333333333,0,2,0,37,2,12
"p6f09lw","positive",3,5.33333333333333,0,2,0,37,2,3
"p6z8v2e","negative",1,-0.583333333333333,1,1,0,34,2,12
"p6z8v2e","negative",2,0.454545454545455,1,1,0,34,2,11
"p6z8v2e","negative",3,3.8125,1,1,0,34,2,8
"p6z8v2e","positive",1,1.125,1,1,0,34,2,12
"p6z8v2e","positive",2,2.5,1,1,0,34,2,12
"p6z8v2e","positive",3,3.05,1,1,0,34,2,10
"pm34chy","negative",1,-0.666666666666667,5,5,7,48.8888888888889,17,12
"pm34chy","negative",2,-1.5,5,5,7,48.8888888888889,17,3
"pm34chy","negative",3,-0.166666666666667,5,5,7,48.8888888888889,17,3
"pm34chy","positive",1,0.416666666666667,5,5,7,48.8888888888889,17,12
"pm34chy","positive",2,1.875,5,5,7,48.8888888888889,17,4
"pm34chy","positive",3,4.5,5,5,7,48.8888888888889,17,3
"py1qlb8","negative",1,-0.458333333333333,2,8,10,52.2222222222222,20,12
"py1qlb8","negative",2,-0.208333333333333,2,8,10,52.2222222222222,20,12
"py1qlb8","negative",3,-0.409090909090909,2,8,10,52.2222222222222,20,11
"py1qlb8","positive",1,0.375,2,8,10,52.2222222222222,20,12
"py1qlb8","positive",2,0.208333333333333,2,8,10,52.2222222222222,20,12
"py1qlb8","positive",3,-0.458333333333333,2,8,10,52.2222222222222,20,12
"q22x3t3","negative",1,-0.875,2,6,2,43,10,12
"q22x3t3","negative",2,-3,2,6,2,43,10,1
"q22x3t3","positive",1,0.666666666666667,2,6,2,43,10,12
"q3mzvhp","negative",1,-0.416666666666667,2,1,1,36,4,12
"q3mzvhp","negative",2,1.04166666666667,2,1,1,36,4,12
"q3mzvhp","negative",3,5,2,1,1,36,4,1
"q3mzvhp","positive",1,0.708333333333333,2,1,1,36,4,12
"q3mzvhp","positive",2,1.95,2,1,1,36,4,10
"q3mzvhp","positive",3,5.5,2,1,1,36,4,1
"qeljkzb","negative",1,0.166666666666667,3,6,9,48,18,12
"qeljkzb","negative",2,-0.5,3,6,9,48,18,2
"qeljkzb","negative",3,0,3,6,9,48,18,2
"qeljkzb","positive",1,0.416666666666667,3,6,9,48,18,12
"qkg6m6y","negative",1,-0.208333333333333,0,0,0,29,0,12
"qkg6m6y","negative",2,1,0,0,0,29,0,12
"qkg6m6y","negative",3,3.25,0,0,0,29,0,10
"qkg6m6y","positive",1,0.25,0,0,0,29,0,12
"qkg6m6y","positive",2,1.20833333333333,0,0,0,29,0,12
"qkg6m6y","positive",3,2.13636363636364,0,0,0,29,0,11
"quadb1b","negative",1,0,3,4,1,72,8,12
"quadb1b","positive",1,0.166666666666667,3,4,1,72,8,12
"qx5v8df","negative",1,-0.458333333333333,7,9,12,50,28,12
"qx5v8df","negative",2,0.0833333333333335,7,9,12,50,28,6
"qx5v8df","negative",3,0.5,7,9,12,50,28,6
"qx5v8df","positive",1,-0.291666666666667,7,9,12,50,28,12
"qx5v8df","positive",2,0.2,7,9,12,50,28,5
"qx5v8df","positive",3,-0.3,7,9,12,50,28,5
"qzjvjx8","negative",1,-0.125,0,1,4,42,5,12
"qzjvjx8","negative",2,5,0,1,4,42,5,4
"qzjvjx8","positive",1,1.08333333333333,0,1,4,42,5,12
"qzjvjx8","positive",2,1.5,0,1,4,42,5,4
"r2sobm8","negative",1,-0.083333333333333,8,8,10,53,26,12
"r2sobm8","positive",1,0.333333333333333,8,8,10,53,26,12
"rhp2ghg","negative",1,-0.75,0,0,0,21,0,12
"rhp2ghg","positive",1,0.916666666666667,0,0,0,21,0,12
"rvp0jbp","negative",1,-1.33333333333333,6,3,2,60,11,12
"rvp0jbp","positive",1,0.333333333333333,6,3,2,60,11,12
"rywlq5e","negative",1,-0.5,6,7,12,52,25,12
"rywlq5e","positive",1,0.208333333333333,6,7,12,52,25,12
"rywlq5e","positive",2,2,6,7,12,52,25,1
"s596wn3","negative",1,-0.25,10,5,9,51,24,12
"s596wn3","positive",1,0.5,10,5,9,51,24,12
"s9w9e92","negative",1,-0.166666666666667,10,8,11,53,29,12
"s9w9e92","negative",2,-0.166666666666667,10,8,11,53,29,12
"s9w9e92","negative",3,0.227272727272727,10,8,11,53,29,11
"s9w9e92","positive",1,-0.041666666666667,10,8,11,53,29,12
"s9w9e92","positive",2,-0.136363636363637,10,8,11,53,29,11
"s9w9e92","positive",3,0.15,10,8,11,53,29,10
"sdloo9j","negative",1,-0.208333333333333,0,4,0,52,4,12
"sdloo9j","negative",2,0,0,4,0,52,4,2
"sdloo9j","positive",1,-0.166666666666667,0,4,0,52,4,12
"sdloo9j","positive",2,-1,0,4,0,52,4,2
"sdloo9j","positive",3,-0.5,0,4,0,52,4,2
"sygbs67","negative",1,0.083333333333333,6,9,4,53,19,12
"sygbs67","negative",2,0,6,9,4,53,19,7
"sygbs67","negative",3,-0.0999999999999996,6,9,4,53,19,5
"sygbs67","positive",1,-0.083333333333333,6,9,4,53,19,12
"sygbs67","positive",2,0,6,9,4,53,19,5
"sygbs67","positive",3,-0.5,6,9,4,53,19,3
"t01fnjk","negative",1,-0.0416666666666665,4,4,9,46.25,17,12
"t01fnjk","negative",2,-0.416666666666667,4,4,9,46.25,17,6
"t01fnjk","negative",3,5,4,4,9,46.25,17,1
"t01fnjk","positive",1,-0.458333333333333,4,4,9,46.25,17,12
"t01fnjk","positive",2,-0.7,4,4,9,46.25,17,5
"t30ctu1","negative",1,-0.416666666666667,0,0,0,46.6666666666667,0,12
"t30ctu1","negative",2,3.66666666666667,0,0,0,46.6666666666667,0,9
"t30ctu1","negative",3,3.5,0,0,0,46.6666666666667,0,1
"t30ctu1","positive",1,1,0,0,0,46.6666666666667,0,12
"t30ctu1","positive",2,2.5,0,0,0,46.6666666666667,0,6
"t30ctu1","positive",3,2,0,0,0,46.6666666666667,0,1
"t3cjg0z","negative",1,-0.166666666666667,0,3,3,34,6,12
"t3cjg0z","negative",2,1.16666666666667,0,3,3,34,6,12
"t3cjg0z","negative",3,2.83333333333333,0,3,3,34,6,12
"t3cjg0z","positive",1,0.625,0,3,3,34,6,12
"t3cjg0z","positive",2,1.41666666666667,0,3,3,34,6,12
"t3cjg0z","positive",3,2.2,0,3,3,34,6,10
"t5vkfjs","negative",1,-0.125,12,9,13,20,34,12
"t5vkfjs","negative",2,0.199999999999999,12,9,13,20,34,5
"t5vkfjs","negative",3,0,12,9,13,20,34,2
"t5vkfjs","positive",1,-0.041666666666667,12,9,13,20,34,12
"t5vkfjs","positive",2,-0.5,12,9,13,20,34,4
"t5vkfjs","positive",3,0.166666666666666,12,9,13,20,34,3
"t809271","negative",1,0.583333333333333,2,2,0,65,4,12
"t809271","negative",2,-0.5,2,2,0,65,4,1
"t809271","positive",1,0.958333333333333,2,2,0,65,4,12
"t809271","positive",2,-1.5,2,2,0,65,4,1
"t809271","positive",3,1,2,2,0,65,4,1
"tcvjere","negative",1,0.333333333333333,0,3,0,38,3,12
"tcvjere","negative",2,1.45454545454545,0,3,0,38,3,11
"tcvjere","negative",3,3.875,0,3,0,38,3,4
"tcvjere","positive",1,0.416666666666667,0,3,0,38,3,12
"tcvjere","positive",2,3.38888888888889,0,3,0,38,3,9
"tcvjere","positive",3,2.25,0,3,0,38,3,2
"tlvaxa7","negative",1,-0.208333333333333,1,5,3,55,9,12
"tlvaxa7","negative",2,0.318181818181818,1,5,3,55,9,11
"tlvaxa7","negative",3,-0.149999999999999,1,5,3,55,9,10
"tlvaxa7","positive",1,0.541666666666667,1,5,3,55,9,12
"tlvaxa7","positive",2,0.181818181818182,1,5,3,55,9,11
"tlvaxa7","positive",3,0.181818181818182,1,5,3,55,9,11
"tmh8k1c","negative",1,-0.916666666666667,0,1,0,34,1,12
"tmh8k1c","positive",1,-0.166666666666667,0,1,0,34,1,12
"tmh8k1c","positive",2,4,0,1,0,34,1,1
"u3mwdgw","negative",1,0.25,2,0,1,34,3,12
"u3mwdgw","negative",2,2.66666666666667,2,0,1,34,3,12
"u3mwdgw","negative",3,3.5,2,0,1,34,3,4
"u3mwdgw","positive",1,-0.0833333333333335,2,0,1,34,3,12
"u3mwdgw","positive",2,3.25,2,0,1,34,3,12
"u3mwdgw","positive",3,4.85714285714286,2,0,1,34,3,7
"u6jok2p","negative",1,1.125,0,6,0,29,6,12
"u6jok2p","positive",1,-0.958333333333333,0,6,0,29,6,12
"ucesl7g","negative",1,-1.125,3,5,4,46.6666666666667,12,12
"ucesl7g","positive",1,-0.875,3,5,4,46.6666666666667,12,12
"ucesl7g","positive",2,1,3,5,4,46.6666666666667,12,2
"ucesl7g","positive",3,-1,3,5,4,46.6666666666667,12,2
"uhy4182","negative",1,-0.125,4,5,11,52,20,12
"uhy4182","negative",2,0,4,5,11,52,20,1
"uhy4182","positive",1,-0.166666666666667,4,5,11,52,20,12
"uhy4182","positive",2,1,4,5,11,52,20,4
"uhy4182","positive",3,1,4,5,11,52,20,2
"uugddck","negative",1,0.083333333333333,0,0,0,56,0,12
"uugddck","negative",2,2.31818181818182,0,0,0,56,0,11
"uugddck","negative",3,3.66666666666667,0,0,0,56,0,3
"uugddck","positive",1,-0.041666666666667,0,0,0,56,0,12
"uugddck","positive",2,2.16666666666667,0,0,0,56,0,12
"uugddck","positive",3,6,0,0,0,56,0,1
"uujs2a5","negative",1,-0.0833333333333339,4,8,5,47,17,12
"uujs2a5","negative",2,0,4,8,5,47,17,1
"uujs2a5","positive",1,1.16666666666667,4,8,5,47,17,12
"uujs2a5","positive",2,2.5,4,8,5,47,17,1
"vceoauv","negative",1,-0.375,8,2,4,60,14,12
"vceoauv","negative",2,-0.85,8,2,4,60,14,10
"vceoauv","negative",3,3.83333333333333,8,2,4,60,14,6
"vceoauv","positive",1,0.333333333333333,8,2,4,60,14,12
"vceoauv","positive",2,1.63636363636364,8,2,4,60,14,11
"vceoauv","positive",3,3.28571428571429,8,2,4,60,14,7
"vcy4hba","negative",1,-0.0416666666666665,5,4,4,40,13,12
"vcy4hba","positive",1,0.208333333333333,5,4,4,40,13,12
"vejuokn","negative",1,-2.54166666666667,0,13,7,22,20,12
"vejuokn","positive",1,0.708333333333333,0,13,7,22,20,12
"vejuokn","positive",2,-3,0,13,7,22,20,1
"vjl75t8","negative",1,-0.041666666666667,8,7,9,51,24,12
"vjl75t8","negative",2,-0.15,8,7,9,51,24,10
"vjl75t8","negative",3,-0.125,8,7,9,51,24,8
"vjl75t8","positive",1,0.083333333333333,8,7,9,51,24,12
"vjl75t8","positive",2,-0.25,8,7,9,51,24,12
"vjl75t8","positive",3,0.5625,8,7,9,51,24,8
"vxfh2fz","negative",1,1,3,5,10,33,18,12
"vxfh2fz","negative",2,0.166666666666667,3,5,10,33,18,3
"vxfh2fz","negative",3,-1.25,3,5,10,33,18,2
"vxfh2fz","positive",1,-0.166666666666667,3,5,10,33,18,12
"vxfh2fz","positive",2,3.5,3,5,10,33,18,1
"w8jhj10","negative",1,0.333333333333333,1,2,0,35,3,12
"w8jhj10","positive",1,-0.333333333333333,1,2,0,35,3,12
"w8jhj10","positive",2,-2.5,1,2,0,35,3,1
"wfu1jqr","negative",1,0,0,4,1,44,5,12
"wfu1jqr","negative",2,-0.2,0,4,1,44,5,10
"wfu1jqr","negative",3,-1.16666666666667,0,4,1,44,5,9
"wfu1jqr","positive",1,-1.08333333333333,0,4,1,44,5,12
"wfu1jqr","positive",2,0.333333333333333,0,4,1,44,5,12
"wfu1jqr","positive",3,-0.333333333333333,0,4,1,44,5,12
"wzzfcld","negative",1,0.5,8,8,6,55,22,12
"wzzfcld","negative",2,-0.083333333333333,8,8,6,55,22,12
"wzzfcld","negative",3,-0.083333333333333,8,8,6,55,22,12
"wzzfcld","positive",1,1.04166666666667,8,8,6,55,22,12
"wzzfcld","positive",2,-0.454545454545455,8,8,6,55,22,11
"wzzfcld","positive",3,-0.8,8,8,6,55,22,10
"x0jn37l","negative",1,-0.541666666666667,11,2,3,55.5555555555556,16,12
"x0jn37l","negative",2,2.11111111111111,11,2,3,55.5555555555556,16,9
"x0jn37l","negative",3,4.1,11,2,3,55.5555555555556,16,5
"x0jn37l","positive",1,-0.458333333333333,11,2,3,55.5555555555556,16,12
"x0jn37l","positive",2,2.08333333333333,11,2,3,55.5555555555556,16,12
"x0jn37l","positive",3,3.21428571428571,11,2,3,55.5555555555556,16,7
"xgdkseg","negative",1,0,9,9,1,71,19,12
"xgdkseg","negative",2,2,9,9,1,71,19,12
"xgdkseg","negative",3,4.25,9,9,1,71,19,4
"xgdkseg","positive",1,-0.75,9,9,1,71,19,12
"xgdkseg","positive",2,2,9,9,1,71,19,11
"xgdkseg","positive",3,4.5,9,9,1,71,19,3
"xj9fs2c","negative",1,0.0833333333333335,9,13,1,63,23,12
"xj9fs2c","positive",1,-0.166666666666667,9,13,1,63,23,12
"xj9fs2c","positive",2,5,9,13,1,63,23,1
"xnewk97","negative",1,1.29166666666667,0,11,1,67,12,12
"xnewk97","positive",1,-0.583333333333333,0,11,1,67,12,12
"xsl03k1","negative",1,-0.041666666666667,9,5,10,50,24,12
"xsl03k1","negative",2,0.444444444444445,9,5,10,50,24,9
"xsl03k1","negative",3,0.125,9,5,10,50,24,8
"xsl03k1","positive",1,0,9,5,10,50,24,12
"xsl03k1","positive",2,0.555555555555555,9,5,10,50,24,9
"xsl03k1","positive",3,-0.0625,9,5,10,50,24,8
"xssuzz2","negative",1,-0.166666666666667,0,7,0,34,7,12
"xssuzz2","negative",2,0.541666666666667,0,7,0,34,7,12
"xssuzz2","negative",3,3.5,0,7,0,34,7,9
"xssuzz2","positive",1,-1.54166666666667,0,7,0,34,7,12
"xssuzz2","positive",2,1.04166666666667,0,7,0,34,7,12
"xssuzz2","positive",3,2.375,0,7,0,34,7,8
"y8j085p","negative",1,-0.666666666666667,0,11,0,41,11,12
"y8j085p","positive",1,-0.0416666666666665,0,11,0,41,11,12
"ynwkwkh","negative",1,0.625,0,7,0,36,7,12
"ynwkwkh","negative",2,4.33333333333333,0,7,0,36,7,3
"ynwkwkh","positive",1,2,0,7,0,36,7,12
"ynwkwkh","positive",2,4.75,0,7,0,36,7,2
"yohvkkw","negative",1,-0.666666666666667,0,0,10,44,10,12
"yohvkkw","negative",2,2.875,0,0,10,44,10,4
"yohvkkw","positive",1,-0.916666666666667,0,0,10,44,10,12
"yohvkkw","positive",2,3,0,0,10,44,10,1
"yqyeznl","negative",1,0.5,0,8,0,51,8,12
"yqyeznl","negative",2,0.375,0,8,0,51,8,12
"yqyeznl","negative",3,3.95833333333333,0,8,0,51,8,12
"yqyeznl","positive",1,0.0833333333333335,0,8,0,51,8,12
"yqyeznl","positive",2,2.58333333333333,0,8,0,51,8,12
"yqyeznl","positive",3,3.91666666666667,0,8,0,51,8,12
"yul0gtw","negative",1,-0.0416666666666667,5,5,7,51,17,12
"yul0gtw","negative",2,0.041666666666667,5,5,7,51,17,12
"yul0gtw","negative",3,0.5,5,5,7,51,17,11
"yul0gtw","positive",1,0.125,5,5,7,51,17,12
"yul0gtw","positive",2,0.125,5,5,7,51,17,12
"yul0gtw","positive",3,0.318181818181818,5,5,7,51,17,11
"yvw26zn","negative",1,-0.25,0,0,0,22,0,12
"yvw26zn","negative",2,1.16666666666667,0,0,0,22,0,12
"yvw26zn","negative",3,4,0,0,0,22,0,12
"yvw26zn","positive",1,0,0,0,0,22,0,12
"yvw26zn","positive",2,1.125,0,0,0,22,0,12
"yvw26zn","positive",3,2,0,0,0,22,0,12
"yz8sl6z","negative",1,-0.458333333333333,4,7,7,48,18,12
"yz8sl6z","negative",2,0.166666666666666,4,7,7,48,18,12
"yz8sl6z","negative",3,-0.166666666666666,4,7,7,48,18,12
"yz8sl6z","positive",1,0.0833333333333335,4,7,7,48,18,12
"yz8sl6z","positive",2,-0.0833333333333335,4,7,7,48,18,12
"yz8sl6z","positive",3,-0.0499999999999998,4,7,7,48,18,10
"za1rjjl","negative",1,0,2,2,5,37,9,12
"za1rjjl","negative",2,0.333333333333333,2,2,5,37,9,12
"za1rjjl","negative",3,2.29166666666667,2,2,5,37,9,12
"za1rjjl","positive",1,0.25,2,2,5,37,9,12
"za1rjjl","positive",2,1.29166666666667,2,2,5,37,9,12
"za1rjjl","positive",3,3.125,2,2,5,37,9,12
"zaac3ty","negative",1,-0.583333333333333,0,1,0,71,1,12
"zaac3ty","negative",2,0.0555555555555554,0,1,0,71,1,9
"zaac3ty","negative",3,3.33333333333333,0,1,0,71,1,3
"zaac3ty","positive",1,-2.125,0,1,0,71,1,12
"zaac3ty","positive",2,-0.45,0,1,0,71,1,10
"zaac3ty","positive",3,1.33333333333333,0,1,0,71,1,6
"zo7tf1f","negative",1,-0.666666666666667,0,7,3,28,10,12
"zo7tf1f","negative",2,3.40909090909091,0,7,3,28,10,11
"zo7tf1f","negative",3,4.66666666666667,0,7,3,28,10,3
"zo7tf1f","positive",1,-0.166666666666667,0,7,3,28,10,12
"zo7tf1f","positive",2,1.45454545454545,0,7,3,28,10,11
"zo7tf1f","positive",3,3.3,0,7,3,28,10,5
"zqcnx7x","negative",1,0.0833333333333335,0,0,0,21,0,12
"zqcnx7x","negative",2,2.3125,0,0,0,21,0,8
"zqcnx7x","negative",3,5.33333333333333,0,0,0,21,0,3
"zqcnx7x","positive",1,1,0,0,0,21,0,12
"zqcnx7x","positive",2,2.94444444444444,0,0,0,21,0,9
"zqcnx7x","positive",3,4.25,0,0,0,21,0,2
